<?xml version="1.0" encoding="UTF-8"?>
<project-private xmlns="http://www.netbeans.org/ns/project-private/1">
    <editor-bookmarks xmlns="http://www.netbeans.org/ns/editor-bookmarks/2" lastBookmarkId="0"/>
    <open-files xmlns="http://www.netbeans.org/ns/projectui-open-files/2">
        <group>
            <file>file:/F:/JavaProject/java_insert_project/src/about.java</file>
            <file>file:/F:/JavaProject/java_insert_project/src/j2.java</file>
            <file>file:/F:/JavaProject/java_insert_project/src/MannageRooms.java</file>
            <file>file:/F:/JavaProject/java_insert_project/src/javainsert.java</file>
            <file>file:/F:/JavaProject/java_insert_project/src/useridsign.java</file>
            <file>file:/F:/JavaProject/java_insert_project/src/f1.java</file>
            <file>file:/F:/JavaProject/java_insert_project/src/login.java</file>
            <file>file:/F:/JavaProject/java_insert_project/src/MyABout.java</file>
            <file>file:/F:/JavaProject/java_insert_project/src/user.java</file>
            <file>file:/F:/JavaProject/java_insert_project/src/Reservation.java</file>
            <file>file:/F:/JavaProject/java_insert_project/src/Room.java</file>
            <file>file:/F:/JavaProject/java_insert_project/src/shoeadmin.java</file>
            <file>file:/F:/JavaProject/java_insert_project/src/Reserve.java</file>
        </group>
    </open-files>
</project-private>
